-- MariaDB dump 10.19  Distrib 10.6.12-MariaDB, for debian-linux-gnu (x86_64)
--
-- Host: localhost    Database: ctfd
-- ------------------------------------------------------
-- Server version	10.6.12-MariaDB-0ubuntu0.22.04.1

/*!40101 SET @OLD_CHARACTER_SET_CLIENT=@@CHARACTER_SET_CLIENT */;
/*!40101 SET @OLD_CHARACTER_SET_RESULTS=@@CHARACTER_SET_RESULTS */;
/*!40101 SET @OLD_COLLATION_CONNECTION=@@COLLATION_CONNECTION */;
/*!40101 SET NAMES utf8mb4 */;
/*!40103 SET @OLD_TIME_ZONE=@@TIME_ZONE */;
/*!40103 SET TIME_ZONE='+00:00' */;
/*!40014 SET @OLD_UNIQUE_CHECKS=@@UNIQUE_CHECKS, UNIQUE_CHECKS=0 */;
/*!40014 SET @OLD_FOREIGN_KEY_CHECKS=@@FOREIGN_KEY_CHECKS, FOREIGN_KEY_CHECKS=0 */;
/*!40101 SET @OLD_SQL_MODE=@@SQL_MODE, SQL_MODE='NO_AUTO_VALUE_ON_ZERO' */;
/*!40111 SET @OLD_SQL_NOTES=@@SQL_NOTES, SQL_NOTES=0 */;

--
-- Table structure for table `alembic_version`
--

DROP TABLE IF EXISTS `alembic_version`;
/*!40101 SET @saved_cs_client     = @@character_set_client */;
/*!40101 SET character_set_client = utf8 */;
CREATE TABLE `alembic_version` (
  `version_num` varchar(32) NOT NULL,
  PRIMARY KEY (`version_num`)
) ENGINE=InnoDB DEFAULT CHARSET=utf8mb4 COLLATE=utf8mb4_general_ci;
/*!40101 SET character_set_client = @saved_cs_client */;

--
-- Dumping data for table `alembic_version`
--

LOCK TABLES `alembic_version` WRITE;
/*!40000 ALTER TABLE `alembic_version` DISABLE KEYS */;
INSERT INTO `alembic_version` VALUES ('9e6f6578ca84');
/*!40000 ALTER TABLE `alembic_version` ENABLE KEYS */;
UNLOCK TABLES;

--
-- Table structure for table `awards`
--

DROP TABLE IF EXISTS `awards`;
/*!40101 SET @saved_cs_client     = @@character_set_client */;
/*!40101 SET character_set_client = utf8 */;
CREATE TABLE `awards` (
  `id` int(11) NOT NULL AUTO_INCREMENT,
  `user_id` int(11) DEFAULT NULL,
  `team_id` int(11) DEFAULT NULL,
  `name` varchar(80) DEFAULT NULL,
  `description` text DEFAULT NULL,
  `date` datetime(6) DEFAULT NULL,
  `value` int(11) DEFAULT NULL,
  `category` varchar(80) DEFAULT NULL,
  `icon` text DEFAULT NULL,
  `requirements` longtext CHARACTER SET utf8mb4 COLLATE utf8mb4_bin DEFAULT NULL CHECK (json_valid(`requirements`)),
  `type` varchar(80) DEFAULT 'standard',
  PRIMARY KEY (`id`),
  KEY `awards_ibfk_1` (`team_id`),
  KEY `awards_ibfk_2` (`user_id`),
  CONSTRAINT `awards_ibfk_1` FOREIGN KEY (`team_id`) REFERENCES `teams` (`id`) ON DELETE CASCADE,
  CONSTRAINT `awards_ibfk_2` FOREIGN KEY (`user_id`) REFERENCES `users` (`id`) ON DELETE CASCADE
) ENGINE=InnoDB DEFAULT CHARSET=utf8mb4 COLLATE=utf8mb4_general_ci;
/*!40101 SET character_set_client = @saved_cs_client */;

--
-- Dumping data for table `awards`
--

LOCK TABLES `awards` WRITE;
/*!40000 ALTER TABLE `awards` DISABLE KEYS */;
/*!40000 ALTER TABLE `awards` ENABLE KEYS */;
UNLOCK TABLES;

--
-- Table structure for table `challenge_topics`
--

DROP TABLE IF EXISTS `challenge_topics`;
/*!40101 SET @saved_cs_client     = @@character_set_client */;
/*!40101 SET character_set_client = utf8 */;
CREATE TABLE `challenge_topics` (
  `id` int(11) NOT NULL AUTO_INCREMENT,
  `challenge_id` int(11) DEFAULT NULL,
  `topic_id` int(11) DEFAULT NULL,
  PRIMARY KEY (`id`),
  KEY `challenge_id` (`challenge_id`),
  KEY `topic_id` (`topic_id`),
  CONSTRAINT `challenge_topics_ibfk_1` FOREIGN KEY (`challenge_id`) REFERENCES `challenges` (`id`) ON DELETE CASCADE,
  CONSTRAINT `challenge_topics_ibfk_2` FOREIGN KEY (`topic_id`) REFERENCES `topics` (`id`) ON DELETE CASCADE
) ENGINE=InnoDB DEFAULT CHARSET=utf8mb4 COLLATE=utf8mb4_general_ci;
/*!40101 SET character_set_client = @saved_cs_client */;

--
-- Dumping data for table `challenge_topics`
--

LOCK TABLES `challenge_topics` WRITE;
/*!40000 ALTER TABLE `challenge_topics` DISABLE KEYS */;
/*!40000 ALTER TABLE `challenge_topics` ENABLE KEYS */;
UNLOCK TABLES;

--
-- Table structure for table `challenges`
--

DROP TABLE IF EXISTS `challenges`;
/*!40101 SET @saved_cs_client     = @@character_set_client */;
/*!40101 SET character_set_client = utf8 */;
CREATE TABLE `challenges` (
  `id` int(11) NOT NULL AUTO_INCREMENT,
  `name` varchar(80) DEFAULT NULL,
  `description` text DEFAULT NULL,
  `max_attempts` int(11) DEFAULT NULL,
  `value` int(11) DEFAULT NULL,
  `category` varchar(80) DEFAULT NULL,
  `type` varchar(80) DEFAULT NULL,
  `state` varchar(80) NOT NULL,
  `requirements` longtext CHARACTER SET utf8mb4 COLLATE utf8mb4_bin DEFAULT NULL CHECK (json_valid(`requirements`)),
  `connection_info` text DEFAULT NULL,
  `next_id` int(11) DEFAULT NULL,
  PRIMARY KEY (`id`),
  KEY `next_id` (`next_id`),
  CONSTRAINT `challenges_ibfk_1` FOREIGN KEY (`next_id`) REFERENCES `challenges` (`id`) ON DELETE SET NULL
) ENGINE=InnoDB AUTO_INCREMENT=15 DEFAULT CHARSET=utf8mb4 COLLATE=utf8mb4_general_ci;
/*!40101 SET character_set_client = @saved_cs_client */;

--
-- Dumping data for table `challenges`
--

LOCK TABLES `challenges` WRITE;
/*!40000 ALTER TABLE `challenges` DISABLE KEYS */;
INSERT INTO `challenges` VALUES (4,'Le fichier manquant','Lors de votre connexion à la machine, vous remarquerez qu\'une erreur survient, resolvez cette erreur et revenez avec la bonne réponse !\r\n\r\nPS :Le fichier doit contenir une date importante pour le groupe que ce fichier représente',0,50,'Mon premier Flag','standard','visible',NULL,NULL,NULL),(5,'Docker-Compose','Parfait, la date est maintenant validée et une archive à été ajoutée à votre espace de travail !\r\n\r\nVous pouvez donc maintenant démarrer l\'installation du blog de Synapsys, pour ce faire, tout est déjà prêt (dans l\'archive) il faut juste lancer le Docker-Compose et le squellette du blog sera prêt (ou pas)\r\n\r\n**N\'oubliez pas d\'importer la base de données fournie**\r\n**N\'oubliez pas d\'importer les plugins de base fourni dans le dossier**\r\nLes plugins sont activé par défaut, il suffit de l\'ajouter dans le bon dossier\r\n\r\nPour valider ce challenge, entrez le premier titre de la page d\'index du site\r\n\r\nPs : Pour afficher la page du wordpress depuis un navigateur, vous avez l\'outil lynx et curl à votre disposition',0,75,'Déploiement de WordPress','standard','visible','{\"prerequisites\": [4], \"anonymize\": true}',NULL,6),(6,'Script Ansible','Nous allons avoir besoin d\'Ansible\r\n\r\npour l\'installer le build nous a préparé un script bien détaillé !\r\n\r\nutiliser le avec sudo pour installer Ansible sans erreur !\r\n\r\npour valider que l\'installation s\'est bien passée, entrez le nom du paquet qui s\'est installé qui n\'est utile que dans le cas d\'utilisation d\'une machine type RedHat ou RockyLinux',0,50,'Mon premier article','standard','visible','{\"prerequisites\": [5], \"anonymize\": true}',NULL,7),(7,'Playbook Ansible','Maintenant que le Wordpress est fonctionnel et qu\'Ansible fonctionne :\r\n\r\nLe Build nous a préparé un script Ansible qui nous permet de publier un post sur le wordpress automatiquement\r\n\r\nAllez vous du côté des playbooks présent dans le dossier, et ajoutez un article sur le blog\r\n\r\nIl semblerai que quelqu\'un ai fait une modification de dernière minute sur le fichier...\r\n\r\nla modification à effectuer dans le script est la clé permettant de compléter ce challenge !',0,50,'Mon premier article','standard','visible','{\"prerequisites\": [5, 6]}',NULL,9),(8,'Lynx','Cette carte va vous permettre de découvrir le fonctionnement de l\'outil Lynx ! (et de gagner des points par la même occasion)\r\n\r\nPour ce faire vous devrez trouvez en accédant au Wordpress via lynx le nom du chien de notre Mécanicien préféré ! ',0,15,'Divers','standard','visible','{\"prerequisites\": [5]}',NULL,NULL),(9,'HaProxy','Notre site est prêt, les articles sont postés !\r\n\r\nLa période noêl arrive ! (elle est déjà là)\r\n\r\nNous ne souhaiterions pas que notre blog se retrouve surchargé suite à un afflut trop important de personnes sur notre unique Wordpress\r\n\r\nNous devons donc mettre en place un LoadBalancer : \r\n-> Le choix s\'est porté vers HaProxy avec le tag latest\r\n\r\nle build nous a fourni dans un dossier nommé **haproxy** qui comporte le fichier de configuration de HaProxy (haproxy.cfg)\r\n\r\nMalheureusement ils sont tous partis en congés et ont oublié de nous envoyer la configuration du Docker-Compose contenant la configuration des 2 nouveaux services, cette configuration doit surement pouvoir se déduire.\r\n\r\nPar contre ils nous envoyé un script permettant de vérifier l\'infrastructure. Une fois que le LoadBalancer est déployé, lancer le script verif_infra.sh pour récupérer un code qui permettra de valider ce challenge',0,50,'High availability','standard','visible','{\"prerequisites\": [5, 6, 7]}',NULL,NULL),(10,'HaProxy - Admin (Bonus)','Si tu cherche un endroit ou mettre un flag parlant d\'un port spécifique, c\'est ici !',0,50,'High availability','standard','visible','{\"prerequisites\": [5, 6, 7, 9]}',NULL,NULL),(11,'Adresse MAC','Pour des raison de sécurité, le pare-feu nécessite d\'avoir l\'adresse MAC du conteneur à exposer sur le WAN\r\n\r\nRécupérez l\'adresse MAC du conteneur exposé et notez là ici',0,50,'Divers','standard','visible','{\"prerequisites\": [5, 6, 7, 9]}',NULL,12),(12,'Ansible Syntax-check','Petit test pratique pour vérifier que votre oeil est encore bon pour trouver les erreurs ! \r\n\r\nlancez le playbook my-first-playbook.yaml, trouvez l\'erreur et notez ce qu\'il manquait à ce playbook pour qu\'il fonctionne !',0,50,'Divers','standard','visible','{\"prerequisites\": [6]}',NULL,NULL),(13,'Header HaProxy','La configuration d\'HaProxy nous permet d\'ajouter des headers contenant certaines informations, le build en a ajouté un spécifique qui varie en fonction de l\'êtat des Conteneurs Wordpress\r\n\r\ntrouve ce header et entre le ici pour valider ce challenge !\r\n\r\nPS : Pour le forcer à changer, tu peux tenter d\'éteindre un des deux conteneneurs',0,30,'High availability','standard','visible','{\"prerequisites\": [4, 5, 6, 7, 9]}',NULL,NULL),(14,'Hash de la configuration','Pour vérifier que la configuration présente dans le Wordpress est là bonne, nous avons besoin que vous nous transmettiez le hash (sha256) du fichier wp-config.php présent dans le conteneur WordPress',0,25,'Divers','standard','visible','{\"prerequisites\": [4, 5, 6, 7]}',NULL,NULL);
/*!40000 ALTER TABLE `challenges` ENABLE KEYS */;
UNLOCK TABLES;

--
-- Table structure for table `comments`
--

DROP TABLE IF EXISTS `comments`;
/*!40101 SET @saved_cs_client     = @@character_set_client */;
/*!40101 SET character_set_client = utf8 */;
CREATE TABLE `comments` (
  `id` int(11) NOT NULL AUTO_INCREMENT,
  `type` varchar(80) DEFAULT NULL,
  `content` text DEFAULT NULL,
  `date` datetime(6) DEFAULT NULL,
  `author_id` int(11) DEFAULT NULL,
  `challenge_id` int(11) DEFAULT NULL,
  `user_id` int(11) DEFAULT NULL,
  `team_id` int(11) DEFAULT NULL,
  `page_id` int(11) DEFAULT NULL,
  PRIMARY KEY (`id`),
  KEY `author_id` (`author_id`),
  KEY `challenge_id` (`challenge_id`),
  KEY `page_id` (`page_id`),
  KEY `team_id` (`team_id`),
  KEY `user_id` (`user_id`),
  CONSTRAINT `comments_ibfk_1` FOREIGN KEY (`author_id`) REFERENCES `users` (`id`) ON DELETE CASCADE,
  CONSTRAINT `comments_ibfk_2` FOREIGN KEY (`challenge_id`) REFERENCES `challenges` (`id`) ON DELETE CASCADE,
  CONSTRAINT `comments_ibfk_3` FOREIGN KEY (`page_id`) REFERENCES `pages` (`id`) ON DELETE CASCADE,
  CONSTRAINT `comments_ibfk_4` FOREIGN KEY (`team_id`) REFERENCES `teams` (`id`) ON DELETE CASCADE,
  CONSTRAINT `comments_ibfk_5` FOREIGN KEY (`user_id`) REFERENCES `users` (`id`) ON DELETE CASCADE
) ENGINE=InnoDB DEFAULT CHARSET=utf8mb4 COLLATE=utf8mb4_general_ci;
/*!40101 SET character_set_client = @saved_cs_client */;

--
-- Dumping data for table `comments`
--

LOCK TABLES `comments` WRITE;
/*!40000 ALTER TABLE `comments` DISABLE KEYS */;
/*!40000 ALTER TABLE `comments` ENABLE KEYS */;
UNLOCK TABLES;

--
-- Table structure for table `config`
--

DROP TABLE IF EXISTS `config`;
/*!40101 SET @saved_cs_client     = @@character_set_client */;
/*!40101 SET character_set_client = utf8 */;
CREATE TABLE `config` (
  `id` int(11) NOT NULL AUTO_INCREMENT,
  `key` text DEFAULT NULL,
  `value` text DEFAULT NULL,
  PRIMARY KEY (`id`)
) ENGINE=InnoDB AUTO_INCREMENT=41 DEFAULT CHARSET=utf8mb4 COLLATE=utf8mb4_general_ci;
/*!40101 SET character_set_client = @saved_cs_client */;

--
-- Dumping data for table `config`
--

LOCK TABLES `config` WRITE;
/*!40000 ALTER TABLE `config` DISABLE KEYS */;
INSERT INTO `config` VALUES (1,'ctf_version','3.6.0'),(2,'ctf_theme','core-beta'),(3,'dynamic_challenges_alembic_version','eb68f277ab61'),(4,'ctf_name','DevOpsCTF By Synapsys'),(5,'ctf_description',''),(6,'user_mode','users'),(7,'ctf_logo','9b2ce6dc116d93f2b369e89e3a5a0c3c/300x300.jpeg'),(8,'ctf_small_icon','8ab0e784ea1467c7c265703b8a178507/synapsys_sas_logo.png'),(9,'theme_header','<style id=\"theme-color\">\r\n:root {--theme-color: #7e0e0f;}\r\n.navbar{background-color: var(--theme-color) !important;}\r\n.jumbotron{background-color: var(--theme-color) !important;}\r\n</style>\r\n'),(10,'start',''),(11,'end',''),(12,'freeze',NULL),(13,'challenge_visibility','private'),(14,'registration_visibility','public'),(15,'score_visibility','private'),(16,'account_visibility','private'),(17,'verify_emails','false'),(18,'team_size',''),(19,'mail_server',NULL),(20,'mail_port',NULL),(21,'mail_tls',NULL),(22,'mail_ssl',NULL),(23,'mail_username',NULL),(24,'mail_password',NULL),(25,'mail_useauth',NULL),(26,'verification_email_subject','Confirm your account for {ctf_name}'),(27,'verification_email_body','Welcome to {ctf_name}!\n\nClick the following link to confirm and activate your account:\n{url}\n\nIf the link is not clickable, try copying and pasting it into your browser.'),(28,'successful_registration_email_subject','Successfully registered for {ctf_name}'),(29,'successful_registration_email_body','You\'ve successfully registered for {ctf_name}!'),(30,'user_creation_email_subject','Message from {ctf_name}'),(31,'user_creation_email_body','A new account has been created for you for {ctf_name} at {url}. \n\nUsername: {name}\nPassword: {password}'),(32,'password_reset_subject','Password Reset Request from {ctf_name}'),(33,'password_reset_body','Did you initiate a password reset on {ctf_name}? If you didn\'t initiate this request you can ignore this email. \n\nClick the following link to reset your password:\n{url}\n\nIf the link is not clickable, try copying and pasting it into your browser.'),(34,'password_change_alert_subject','Password Change Confirmation for {ctf_name}'),(35,'password_change_alert_body','Your password for {ctf_name} has been changed.\n\nIf you didn\'t request a password change you can reset your password here: {url}'),(36,'setup','1'),(37,'version_latest',NULL),(38,'next_update_check','1702322738'),(39,'theme_footer',''),(40,'theme_settings','');
/*!40000 ALTER TABLE `config` ENABLE KEYS */;
UNLOCK TABLES;

--
-- Table structure for table `dynamic_challenge`
--

DROP TABLE IF EXISTS `dynamic_challenge`;
/*!40101 SET @saved_cs_client     = @@character_set_client */;
/*!40101 SET character_set_client = utf8 */;
CREATE TABLE `dynamic_challenge` (
  `id` int(11) NOT NULL,
  `initial` int(11) DEFAULT NULL,
  `minimum` int(11) DEFAULT NULL,
  `decay` int(11) DEFAULT NULL,
  `function` varchar(32) DEFAULT NULL,
  PRIMARY KEY (`id`),
  CONSTRAINT `dynamic_challenge_ibfk_1` FOREIGN KEY (`id`) REFERENCES `challenges` (`id`) ON DELETE CASCADE
) ENGINE=InnoDB DEFAULT CHARSET=utf8mb4 COLLATE=utf8mb4_general_ci;
/*!40101 SET character_set_client = @saved_cs_client */;

--
-- Dumping data for table `dynamic_challenge`
--

LOCK TABLES `dynamic_challenge` WRITE;
/*!40000 ALTER TABLE `dynamic_challenge` DISABLE KEYS */;
/*!40000 ALTER TABLE `dynamic_challenge` ENABLE KEYS */;
UNLOCK TABLES;

--
-- Table structure for table `field_entries`
--

DROP TABLE IF EXISTS `field_entries`;
/*!40101 SET @saved_cs_client     = @@character_set_client */;
/*!40101 SET character_set_client = utf8 */;
CREATE TABLE `field_entries` (
  `id` int(11) NOT NULL AUTO_INCREMENT,
  `type` varchar(80) DEFAULT NULL,
  `value` longtext CHARACTER SET utf8mb4 COLLATE utf8mb4_bin DEFAULT NULL CHECK (json_valid(`value`)),
  `field_id` int(11) DEFAULT NULL,
  `user_id` int(11) DEFAULT NULL,
  `team_id` int(11) DEFAULT NULL,
  PRIMARY KEY (`id`),
  KEY `field_id` (`field_id`),
  KEY `team_id` (`team_id`),
  KEY `user_id` (`user_id`),
  CONSTRAINT `field_entries_ibfk_1` FOREIGN KEY (`field_id`) REFERENCES `fields` (`id`) ON DELETE CASCADE,
  CONSTRAINT `field_entries_ibfk_2` FOREIGN KEY (`team_id`) REFERENCES `teams` (`id`) ON DELETE CASCADE,
  CONSTRAINT `field_entries_ibfk_3` FOREIGN KEY (`user_id`) REFERENCES `users` (`id`) ON DELETE CASCADE
) ENGINE=InnoDB DEFAULT CHARSET=utf8mb4 COLLATE=utf8mb4_general_ci;
/*!40101 SET character_set_client = @saved_cs_client */;

--
-- Dumping data for table `field_entries`
--

LOCK TABLES `field_entries` WRITE;
/*!40000 ALTER TABLE `field_entries` DISABLE KEYS */;
/*!40000 ALTER TABLE `field_entries` ENABLE KEYS */;
UNLOCK TABLES;

--
-- Table structure for table `fields`
--

DROP TABLE IF EXISTS `fields`;
/*!40101 SET @saved_cs_client     = @@character_set_client */;
/*!40101 SET character_set_client = utf8 */;
CREATE TABLE `fields` (
  `id` int(11) NOT NULL AUTO_INCREMENT,
  `name` text DEFAULT NULL,
  `type` varchar(80) DEFAULT NULL,
  `field_type` varchar(80) DEFAULT NULL,
  `description` text DEFAULT NULL,
  `required` tinyint(1) DEFAULT NULL,
  `public` tinyint(1) DEFAULT NULL,
  `editable` tinyint(1) DEFAULT NULL,
  PRIMARY KEY (`id`)
) ENGINE=InnoDB DEFAULT CHARSET=utf8mb4 COLLATE=utf8mb4_general_ci;
/*!40101 SET character_set_client = @saved_cs_client */;

--
-- Dumping data for table `fields`
--

LOCK TABLES `fields` WRITE;
/*!40000 ALTER TABLE `fields` DISABLE KEYS */;
/*!40000 ALTER TABLE `fields` ENABLE KEYS */;
UNLOCK TABLES;

--
-- Table structure for table `files`
--

DROP TABLE IF EXISTS `files`;
/*!40101 SET @saved_cs_client     = @@character_set_client */;
/*!40101 SET character_set_client = utf8 */;
CREATE TABLE `files` (
  `id` int(11) NOT NULL AUTO_INCREMENT,
  `type` varchar(80) DEFAULT NULL,
  `location` text DEFAULT NULL,
  `challenge_id` int(11) DEFAULT NULL,
  `page_id` int(11) DEFAULT NULL,
  PRIMARY KEY (`id`),
  KEY `page_id` (`page_id`),
  KEY `files_ibfk_1` (`challenge_id`),
  CONSTRAINT `files_ibfk_1` FOREIGN KEY (`challenge_id`) REFERENCES `challenges` (`id`) ON DELETE CASCADE,
  CONSTRAINT `files_ibfk_2` FOREIGN KEY (`page_id`) REFERENCES `pages` (`id`)
) ENGINE=InnoDB AUTO_INCREMENT=4 DEFAULT CHARSET=utf8mb4 COLLATE=utf8mb4_general_ci;
/*!40101 SET character_set_client = @saved_cs_client */;

--
-- Dumping data for table `files`
--

LOCK TABLES `files` WRITE;
/*!40000 ALTER TABLE `files` DISABLE KEYS */;
INSERT INTO `files` VALUES (1,'standard','9b2ce6dc116d93f2b369e89e3a5a0c3c/300x300.jpeg',NULL,NULL),(2,'standard','8ab0e784ea1467c7c265703b8a178507/synapsys_sas_logo.png',NULL,NULL),(3,'standard','1a8782c9ef1730fdd461f050195f6cd4/Banniere_LinkedIn_Synapsys.png',NULL,NULL);
/*!40000 ALTER TABLE `files` ENABLE KEYS */;
UNLOCK TABLES;

--
-- Table structure for table `flags`
--

DROP TABLE IF EXISTS `flags`;
/*!40101 SET @saved_cs_client     = @@character_set_client */;
/*!40101 SET character_set_client = utf8 */;
CREATE TABLE `flags` (
  `id` int(11) NOT NULL AUTO_INCREMENT,
  `challenge_id` int(11) DEFAULT NULL,
  `type` varchar(80) DEFAULT NULL,
  `content` text DEFAULT NULL,
  `data` text DEFAULT NULL,
  PRIMARY KEY (`id`),
  KEY `flags_ibfk_1` (`challenge_id`),
  CONSTRAINT `flags_ibfk_1` FOREIGN KEY (`challenge_id`) REFERENCES `challenges` (`id`) ON DELETE CASCADE
) ENGINE=InnoDB AUTO_INCREMENT=17 DEFAULT CHARSET=utf8mb4 COLLATE=utf8mb4_general_ci;
/*!40101 SET character_set_client = @saved_cs_client */;

--
-- Dumping data for table `flags`
--

LOCK TABLES `flags` WRITE;
/*!40000 ALTER TABLE `flags` DISABLE KEYS */;
INSERT INTO `flags` VALUES (2,4,'static','1263164400',''),(3,5,'static','A commitment to innovation and sustainability','case_insensitive'),(4,6,'static','python-selinux','case_insensitive'),(6,7,'static','xHPPpPpf4H*MfL$nzD','case_insensitive'),(7,8,'static','Russell','case_insensitive'),(8,9,'static','c27299f39350','case_insensitive'),(9,10,'static','x-easter-egg-haproxy','case_insensitive'),(13,12,'static','\"','case_insensitive'),(14,11,'regex','([0-9A-Fa-f]{2}[:-]){5}([0-9A-Fa-f]{2})',''),(15,13,'static','x-server','case_insensitive'),(16,14,'static','73829195b5c09053ebbb306e7f44199d5a84e3c8b2f6c7b5796dcb068266663f','case_insensitive');
/*!40000 ALTER TABLE `flags` ENABLE KEYS */;
UNLOCK TABLES;

--
-- Table structure for table `hints`
--

DROP TABLE IF EXISTS `hints`;
/*!40101 SET @saved_cs_client     = @@character_set_client */;
/*!40101 SET character_set_client = utf8 */;
CREATE TABLE `hints` (
  `id` int(11) NOT NULL AUTO_INCREMENT,
  `type` varchar(80) DEFAULT NULL,
  `challenge_id` int(11) DEFAULT NULL,
  `content` text DEFAULT NULL,
  `cost` int(11) DEFAULT NULL,
  `requirements` longtext CHARACTER SET utf8mb4 COLLATE utf8mb4_bin DEFAULT NULL CHECK (json_valid(`requirements`)),
  PRIMARY KEY (`id`),
  KEY `hints_ibfk_1` (`challenge_id`),
  CONSTRAINT `hints_ibfk_1` FOREIGN KEY (`challenge_id`) REFERENCES `challenges` (`id`) ON DELETE CASCADE
) ENGINE=InnoDB AUTO_INCREMENT=4 DEFAULT CHARSET=utf8mb4 COLLATE=utf8mb4_general_ci;
/*!40101 SET character_set_client = @saved_cs_client */;

--
-- Dumping data for table `hints`
--

LOCK TABLES `hints` WRITE;
/*!40000 ALTER TABLE `hints` DISABLE KEYS */;
INSERT INTO `hints` VALUES (1,'standard',7,'Fait attention dans le dossier d\'ansible, il y a un dossier .git\n\nsi tu n\'arrive pas à voir les modifications, sudo peut peut-être te permettre de voir plus de chose...',10,'{\"prerequisites\": []}'),(2,'standard',7,'trouve la commande permettant de trouver les dernières modifications effectuée avec git',10,'{\"prerequisites\": [1]}'),(3,'standard',9,'Pour que la configuration soit valide elle doit comporter des éléments utilisé dans la configuration du service haproxy (haproxy.cfg)',10,'{\"prerequisites\": []}');
/*!40000 ALTER TABLE `hints` ENABLE KEYS */;
UNLOCK TABLES;

--
-- Table structure for table `notifications`
--

DROP TABLE IF EXISTS `notifications`;
/*!40101 SET @saved_cs_client     = @@character_set_client */;
/*!40101 SET character_set_client = utf8 */;
CREATE TABLE `notifications` (
  `id` int(11) NOT NULL AUTO_INCREMENT,
  `title` text DEFAULT NULL,
  `content` text DEFAULT NULL,
  `date` datetime(6) DEFAULT NULL,
  `user_id` int(11) DEFAULT NULL,
  `team_id` int(11) DEFAULT NULL,
  PRIMARY KEY (`id`),
  KEY `team_id` (`team_id`),
  KEY `user_id` (`user_id`),
  CONSTRAINT `notifications_ibfk_1` FOREIGN KEY (`team_id`) REFERENCES `teams` (`id`),
  CONSTRAINT `notifications_ibfk_2` FOREIGN KEY (`user_id`) REFERENCES `users` (`id`)
) ENGINE=InnoDB DEFAULT CHARSET=utf8mb4 COLLATE=utf8mb4_general_ci;
/*!40101 SET character_set_client = @saved_cs_client */;

--
-- Dumping data for table `notifications`
--

LOCK TABLES `notifications` WRITE;
/*!40000 ALTER TABLE `notifications` DISABLE KEYS */;
/*!40000 ALTER TABLE `notifications` ENABLE KEYS */;
UNLOCK TABLES;

--
-- Table structure for table `pages`
--

DROP TABLE IF EXISTS `pages`;
/*!40101 SET @saved_cs_client     = @@character_set_client */;
/*!40101 SET character_set_client = utf8 */;
CREATE TABLE `pages` (
  `id` int(11) NOT NULL AUTO_INCREMENT,
  `title` varchar(80) DEFAULT NULL,
  `route` varchar(128) DEFAULT NULL,
  `content` text DEFAULT NULL,
  `draft` tinyint(1) DEFAULT NULL,
  `hidden` tinyint(1) DEFAULT NULL,
  `auth_required` tinyint(1) DEFAULT NULL,
  `format` varchar(80) DEFAULT NULL,
  PRIMARY KEY (`id`),
  UNIQUE KEY `route` (`route`)
) ENGINE=InnoDB AUTO_INCREMENT=3 DEFAULT CHARSET=utf8mb4 COLLATE=utf8mb4_general_ci;
/*!40101 SET character_set_client = @saved_cs_client */;

--
-- Dumping data for table `pages`
--

LOCK TABLES `pages` WRITE;
/*!40000 ALTER TABLE `pages` DISABLE KEYS */;
INSERT INTO `pages` VALUES (1,NULL,'index','<div class=\"row\">\n    <div class=\"col-md-6 offset-md-3\">\n        <img class=\"w-100 mx-auto d-block\" style=\"max-width: 500px;padding: 50px;padding-top: 14vh;\" src=\"/files/1a8782c9ef1730fdd461f050195f6cd4/Banniere_LinkedIn_Synapsys.png\" />\n        <h3 class=\"text-center\">\n            <p>A cool CTF platform from <a href=\"https://ctfd.io\">ctfd.io</a></p>\n            <p>Follow us on social media:</p>\n            <a href=\"https://twitter.com/ctfdio\"><i class=\"fab fa-twitter fa-2x\" aria-hidden=\"true\"></i></a>&nbsp;\n            <a href=\"https://facebook.com/ctfdio\"><i class=\"fab fa-facebook fa-2x\" aria-hidden=\"true\"></i></a>&nbsp;\n            <a href=\"https://github.com/ctfd\"><i class=\"fab fa-github fa-2x\" aria-hidden=\"true\"></i></a>\n        </h3>\n        <br>\n        <h4 class=\"text-center\">\n            <a href=\"admin\">Click here</a> to login and setup your CTF\n        </h4>\n    </div>\n</div>',0,NULL,NULL,'markdown'),(2,'Guacamole','guacamole','',0,0,0,'markdown');
/*!40000 ALTER TABLE `pages` ENABLE KEYS */;
UNLOCK TABLES;

--
-- Table structure for table `solves`
--

DROP TABLE IF EXISTS `solves`;
/*!40101 SET @saved_cs_client     = @@character_set_client */;
/*!40101 SET character_set_client = utf8 */;
CREATE TABLE `solves` (
  `id` int(11) NOT NULL,
  `challenge_id` int(11) DEFAULT NULL,
  `user_id` int(11) DEFAULT NULL,
  `team_id` int(11) DEFAULT NULL,
  PRIMARY KEY (`id`),
  UNIQUE KEY `challenge_id` (`challenge_id`,`team_id`),
  UNIQUE KEY `challenge_id_2` (`challenge_id`,`user_id`),
  KEY `team_id` (`team_id`),
  KEY `user_id` (`user_id`),
  CONSTRAINT `solves_ibfk_1` FOREIGN KEY (`challenge_id`) REFERENCES `challenges` (`id`) ON DELETE CASCADE,
  CONSTRAINT `solves_ibfk_2` FOREIGN KEY (`id`) REFERENCES `submissions` (`id`) ON DELETE CASCADE,
  CONSTRAINT `solves_ibfk_3` FOREIGN KEY (`team_id`) REFERENCES `teams` (`id`) ON DELETE CASCADE,
  CONSTRAINT `solves_ibfk_4` FOREIGN KEY (`user_id`) REFERENCES `users` (`id`) ON DELETE CASCADE
) ENGINE=InnoDB DEFAULT CHARSET=utf8mb4 COLLATE=utf8mb4_general_ci;
/*!40101 SET character_set_client = @saved_cs_client */;

--
-- Dumping data for table `solves`
--

LOCK TABLES `solves` WRITE;
/*!40000 ALTER TABLE `solves` DISABLE KEYS */;
/*!40000 ALTER TABLE `solves` ENABLE KEYS */;
UNLOCK TABLES;

--
-- Table structure for table `submissions`
--

DROP TABLE IF EXISTS `submissions`;
/*!40101 SET @saved_cs_client     = @@character_set_client */;
/*!40101 SET character_set_client = utf8 */;
CREATE TABLE `submissions` (
  `id` int(11) NOT NULL AUTO_INCREMENT,
  `challenge_id` int(11) DEFAULT NULL,
  `user_id` int(11) DEFAULT NULL,
  `team_id` int(11) DEFAULT NULL,
  `ip` varchar(46) DEFAULT NULL,
  `provided` text DEFAULT NULL,
  `type` varchar(32) DEFAULT NULL,
  `date` datetime(6) DEFAULT NULL,
  PRIMARY KEY (`id`),
  KEY `challenge_id` (`challenge_id`),
  KEY `team_id` (`team_id`),
  KEY `user_id` (`user_id`),
  CONSTRAINT `submissions_ibfk_1` FOREIGN KEY (`challenge_id`) REFERENCES `challenges` (`id`) ON DELETE CASCADE,
  CONSTRAINT `submissions_ibfk_2` FOREIGN KEY (`team_id`) REFERENCES `teams` (`id`) ON DELETE CASCADE,
  CONSTRAINT `submissions_ibfk_3` FOREIGN KEY (`user_id`) REFERENCES `users` (`id`) ON DELETE CASCADE
) ENGINE=InnoDB AUTO_INCREMENT=26 DEFAULT CHARSET=utf8mb4 COLLATE=utf8mb4_general_ci;
/*!40101 SET character_set_client = @saved_cs_client */;

--
-- Dumping data for table `submissions`
--

LOCK TABLES `submissions` WRITE;
/*!40000 ALTER TABLE `submissions` DISABLE KEYS */;
/*!40000 ALTER TABLE `submissions` ENABLE KEYS */;
UNLOCK TABLES;

--
-- Table structure for table `tags`
--

DROP TABLE IF EXISTS `tags`;
/*!40101 SET @saved_cs_client     = @@character_set_client */;
/*!40101 SET character_set_client = utf8 */;
CREATE TABLE `tags` (
  `id` int(11) NOT NULL AUTO_INCREMENT,
  `challenge_id` int(11) DEFAULT NULL,
  `value` varchar(80) DEFAULT NULL,
  PRIMARY KEY (`id`),
  KEY `tags_ibfk_1` (`challenge_id`),
  CONSTRAINT `tags_ibfk_1` FOREIGN KEY (`challenge_id`) REFERENCES `challenges` (`id`) ON DELETE CASCADE
) ENGINE=InnoDB DEFAULT CHARSET=utf8mb4 COLLATE=utf8mb4_general_ci;
/*!40101 SET character_set_client = @saved_cs_client */;

--
-- Dumping data for table `tags`
--

LOCK TABLES `tags` WRITE;
/*!40000 ALTER TABLE `tags` DISABLE KEYS */;
/*!40000 ALTER TABLE `tags` ENABLE KEYS */;
UNLOCK TABLES;

--
-- Table structure for table `teams`
--

DROP TABLE IF EXISTS `teams`;
/*!40101 SET @saved_cs_client     = @@character_set_client */;
/*!40101 SET character_set_client = utf8 */;
CREATE TABLE `teams` (
  `id` int(11) NOT NULL AUTO_INCREMENT,
  `oauth_id` int(11) DEFAULT NULL,
  `name` varchar(128) DEFAULT NULL,
  `email` varchar(128) DEFAULT NULL,
  `password` varchar(128) DEFAULT NULL,
  `secret` varchar(128) DEFAULT NULL,
  `website` varchar(128) DEFAULT NULL,
  `affiliation` varchar(128) DEFAULT NULL,
  `country` varchar(32) DEFAULT NULL,
  `bracket` varchar(32) DEFAULT NULL,
  `hidden` tinyint(1) DEFAULT NULL,
  `banned` tinyint(1) DEFAULT NULL,
  `created` datetime(6) DEFAULT NULL,
  `captain_id` int(11) DEFAULT NULL,
  PRIMARY KEY (`id`),
  UNIQUE KEY `email` (`email`),
  UNIQUE KEY `id` (`id`,`oauth_id`),
  UNIQUE KEY `oauth_id` (`oauth_id`),
  KEY `team_captain_id` (`captain_id`),
  CONSTRAINT `team_captain_id` FOREIGN KEY (`captain_id`) REFERENCES `users` (`id`) ON DELETE SET NULL
) ENGINE=InnoDB DEFAULT CHARSET=utf8mb4 COLLATE=utf8mb4_general_ci;
/*!40101 SET character_set_client = @saved_cs_client */;

--
-- Dumping data for table `teams`
--

LOCK TABLES `teams` WRITE;
/*!40000 ALTER TABLE `teams` DISABLE KEYS */;
/*!40000 ALTER TABLE `teams` ENABLE KEYS */;
UNLOCK TABLES;

--
-- Table structure for table `tokens`
--

DROP TABLE IF EXISTS `tokens`;
/*!40101 SET @saved_cs_client     = @@character_set_client */;
/*!40101 SET character_set_client = utf8 */;
CREATE TABLE `tokens` (
  `id` int(11) NOT NULL AUTO_INCREMENT,
  `type` varchar(32) DEFAULT NULL,
  `user_id` int(11) DEFAULT NULL,
  `created` datetime(6) DEFAULT NULL,
  `expiration` datetime(6) DEFAULT NULL,
  `value` varchar(128) DEFAULT NULL,
  `description` text DEFAULT NULL,
  PRIMARY KEY (`id`),
  UNIQUE KEY `value` (`value`),
  KEY `user_id` (`user_id`),
  CONSTRAINT `tokens_ibfk_1` FOREIGN KEY (`user_id`) REFERENCES `users` (`id`) ON DELETE CASCADE
) ENGINE=InnoDB DEFAULT CHARSET=utf8mb4 COLLATE=utf8mb4_general_ci;
/*!40101 SET character_set_client = @saved_cs_client */;

--
-- Dumping data for table `tokens`
--

LOCK TABLES `tokens` WRITE;
/*!40000 ALTER TABLE `tokens` DISABLE KEYS */;
/*!40000 ALTER TABLE `tokens` ENABLE KEYS */;
UNLOCK TABLES;

--
-- Table structure for table `topics`
--

DROP TABLE IF EXISTS `topics`;
/*!40101 SET @saved_cs_client     = @@character_set_client */;
/*!40101 SET character_set_client = utf8 */;
CREATE TABLE `topics` (
  `id` int(11) NOT NULL AUTO_INCREMENT,
  `value` varchar(255) DEFAULT NULL,
  PRIMARY KEY (`id`),
  UNIQUE KEY `value` (`value`)
) ENGINE=InnoDB DEFAULT CHARSET=utf8mb4 COLLATE=utf8mb4_general_ci;
/*!40101 SET character_set_client = @saved_cs_client */;

--
-- Dumping data for table `topics`
--

LOCK TABLES `topics` WRITE;
/*!40000 ALTER TABLE `topics` DISABLE KEYS */;
/*!40000 ALTER TABLE `topics` ENABLE KEYS */;
UNLOCK TABLES;

--
-- Table structure for table `tracking`
--

DROP TABLE IF EXISTS `tracking`;
/*!40101 SET @saved_cs_client     = @@character_set_client */;
/*!40101 SET character_set_client = utf8 */;
CREATE TABLE `tracking` (
  `id` int(11) NOT NULL AUTO_INCREMENT,
  `type` varchar(32) DEFAULT NULL,
  `ip` varchar(46) DEFAULT NULL,
  `user_id` int(11) DEFAULT NULL,
  `date` datetime(6) DEFAULT NULL,
  PRIMARY KEY (`id`),
  KEY `tracking_ibfk_1` (`user_id`),
  CONSTRAINT `tracking_ibfk_1` FOREIGN KEY (`user_id`) REFERENCES `users` (`id`) ON DELETE CASCADE
) ENGINE=InnoDB AUTO_INCREMENT=17 DEFAULT CHARSET=utf8mb4 COLLATE=utf8mb4_general_ci;
/*!40101 SET character_set_client = @saved_cs_client */;

--
-- Dumping data for table `tracking`
--

LOCK TABLES `tracking` WRITE;
/*!40000 ALTER TABLE `tracking` DISABLE KEYS */;
INSERT INTO `tracking` VALUES (1,NULL,'82.66.189.83',1,'2023-12-11 11:24:44.409144');
/*!40000 ALTER TABLE `tracking` ENABLE KEYS */;
UNLOCK TABLES;

--
-- Table structure for table `unlocks`
--

DROP TABLE IF EXISTS `unlocks`;
/*!40101 SET @saved_cs_client     = @@character_set_client */;
/*!40101 SET character_set_client = utf8 */;
CREATE TABLE `unlocks` (
  `id` int(11) NOT NULL AUTO_INCREMENT,
  `user_id` int(11) DEFAULT NULL,
  `team_id` int(11) DEFAULT NULL,
  `target` int(11) DEFAULT NULL,
  `date` datetime(6) DEFAULT NULL,
  `type` varchar(32) DEFAULT NULL,
  PRIMARY KEY (`id`),
  KEY `unlocks_ibfk_1` (`team_id`),
  KEY `unlocks_ibfk_2` (`user_id`),
  CONSTRAINT `unlocks_ibfk_1` FOREIGN KEY (`team_id`) REFERENCES `teams` (`id`) ON DELETE CASCADE,
  CONSTRAINT `unlocks_ibfk_2` FOREIGN KEY (`user_id`) REFERENCES `users` (`id`) ON DELETE CASCADE
) ENGINE=InnoDB DEFAULT CHARSET=utf8mb4 COLLATE=utf8mb4_general_ci;
/*!40101 SET character_set_client = @saved_cs_client */;

--
-- Dumping data for table `unlocks`
--

LOCK TABLES `unlocks` WRITE;
/*!40000 ALTER TABLE `unlocks` DISABLE KEYS */;
/*!40000 ALTER TABLE `unlocks` ENABLE KEYS */;
UNLOCK TABLES;

--
-- Table structure for table `users`
--

DROP TABLE IF EXISTS `users`;
/*!40101 SET @saved_cs_client     = @@character_set_client */;
/*!40101 SET character_set_client = utf8 */;
CREATE TABLE `users` (
  `id` int(11) NOT NULL AUTO_INCREMENT,
  `oauth_id` int(11) DEFAULT NULL,
  `name` varchar(128) DEFAULT NULL,
  `password` varchar(128) DEFAULT NULL,
  `email` varchar(128) DEFAULT NULL,
  `type` varchar(80) DEFAULT NULL,
  `secret` varchar(128) DEFAULT NULL,
  `website` varchar(128) DEFAULT NULL,
  `affiliation` varchar(128) DEFAULT NULL,
  `country` varchar(32) DEFAULT NULL,
  `bracket` varchar(32) DEFAULT NULL,
  `hidden` tinyint(1) DEFAULT NULL,
  `banned` tinyint(1) DEFAULT NULL,
  `verified` tinyint(1) DEFAULT NULL,
  `team_id` int(11) DEFAULT NULL,
  `created` datetime(6) DEFAULT NULL,
  `language` varchar(32) DEFAULT NULL,
  PRIMARY KEY (`id`),
  UNIQUE KEY `email` (`email`),
  UNIQUE KEY `id` (`id`,`oauth_id`),
  UNIQUE KEY `oauth_id` (`oauth_id`),
  KEY `team_id` (`team_id`),
  CONSTRAINT `users_ibfk_1` FOREIGN KEY (`team_id`) REFERENCES `teams` (`id`)
) ENGINE=InnoDB AUTO_INCREMENT=17 DEFAULT CHARSET=utf8mb4 COLLATE=utf8mb4_general_ci;
/*!40101 SET character_set_client = @saved_cs_client */;

--
-- Dumping data for table `users`
--

LOCK TABLES `users` WRITE;
/*!40000 ALTER TABLE `users` DISABLE KEYS */;
INSERT INTO `users` VALUES (1,NULL,'admin','$bcrypt-sha256$v=2,t=2b,r=12$19LVNlGSJq21F2s/2pdbqO$C6JlM7Wh2dnV5VUwf7I7Q9uDTPht2xC','admin@mail.co','admin',NULL,NULL,NULL,NULL,NULL,1,0,0,NULL,'2023-11-21 12:23:44.918638',NULL);
/*!40000 ALTER TABLE `users` ENABLE KEYS */;
UNLOCK TABLES;
/*!40103 SET TIME_ZONE=@OLD_TIME_ZONE */;

/*!40101 SET SQL_MODE=@OLD_SQL_MODE */;
/*!40014 SET FOREIGN_KEY_CHECKS=@OLD_FOREIGN_KEY_CHECKS */;
/*!40014 SET UNIQUE_CHECKS=@OLD_UNIQUE_CHECKS */;
/*!40101 SET CHARACTER_SET_CLIENT=@OLD_CHARACTER_SET_CLIENT */;
/*!40101 SET CHARACTER_SET_RESULTS=@OLD_CHARACTER_SET_RESULTS */;
/*!40101 SET COLLATION_CONNECTION=@OLD_COLLATION_CONNECTION */;
/*!40111 SET SQL_NOTES=@OLD_SQL_NOTES */;

-- Dump completed on 2023-12-11 11:36:33
